accuracy,precision_weighted,recall_weighted,f1_weighted
0.7463414634146341,0.7548451035485695,0.7463414634146341,0.7449359023370797
0.751219512195122,0.7426900679238702,0.751219512195122,0.7423869246444402
0.775609756097561,0.7782469284961168,0.775609756097561,0.7676482685399306
0.7707317073170732,0.77185453630832,0.7707317073170732,0.7662394146052683
0.7107843137254902,0.7142302618828968,0.7107843137254902,0.7086164493212217
