Metric,Mean,2*Std
accuracy,0.7360139586560882,0.034263816824413866
precision_weighted,0.749518736853733,0.022276795336945494
recall_weighted,0.7360139586560882,0.034263816824413866
f1_weighted,0.7390980913071832,0.031400767310457225
