accuracy,precision_weighted,recall_weighted,f1_weighted
0.6312849162011173,0.6294766935088987,0.6312849162011173,0.6275206720486308
0.6629213483146067,0.6666652628741808,0.6629213483146067,0.6633576325146798
0.6292134831460674,0.6296066661904947,0.6292134831460674,0.6284372147445292
0.6235955056179775,0.6541152830293872,0.6235955056179775,0.634236879397429
0.6797752808988764,0.6936693165222969,0.6797752808988764,0.6807201918424344
