Metric,Mean,2*Std
accuracy,0.645358106835729,0.04924757559738491
precision_weighted,0.6547066444250517,0.05411106551414703
recall_weighted,0.645358106835729,0.04924757559738491
f1_weighted,0.6468545181095406,0.04786894730268381
