Metric,Mean,2*Std
accuracy,0.78016139044072,0.0429110336739709
precision_weighted,0.7879746828312422,0.04306927916246322
recall_weighted,0.78016139044072,0.0429110336739709
f1_weighted,0.7813515867304072,0.042872554378603545
