accuracy,precision_weighted,recall_weighted,f1_weighted
0.7833333333333333,0.7843037749287749,0.7833333333333333,0.7816248439540486
0.8100558659217877,0.8092442700962463,0.8100558659217877,0.808683553377655
0.8156424581005587,0.8245078301609149,0.8156424581005587,0.8169224642924308
0.770949720670391,0.7969966098457718,0.770949720670391,0.7742929470603511
0.7541899441340782,0.7578241367256427,0.7541899441340782,0.7535414533747884
