accuracy,precision_weighted,recall_weighted,f1_weighted
0.7722222222222223,0.7771687370600413,0.7722222222222223,0.772310405643739
0.7877094972067039,0.7901990130847768,0.7877094972067039,0.7882974337525768
0.7597765363128491,0.7610377518198747,0.7597765363128491,0.759258583737786
0.7653631284916201,0.7758712423516892,0.7653631284916201,0.7671256162927955
0.7430167597765364,0.7441340331816432,0.7430167597765364,0.7406913648788801
