accuracy,precision_weighted,recall_weighted,f1_weighted
0.7555555555555555,0.761250899802624,0.7555555555555555,0.7547684024737693
0.7932960893854749,0.798536511327881,0.7932960893854749,0.7922633122020992
0.770949720670391,0.7854574661837233,0.770949720670391,0.7751712921891092
0.8100558659217877,0.8179110874641601,0.8100558659217877,0.8114526932307655
0.770949720670391,0.776717449377823,0.770949720670391,0.7731022335562927
