Metric,Mean,2*Std
accuracy,0.7656176288019864,0.032812401869387095
precision_weighted,0.7696821554996051,0.03525233912303698
recall_weighted,0.7656176288019864,0.032812401869387095
f1_weighted,0.7655366808611554,0.034973763954856484
