Metric,Mean,2*Std
accuracy,0.7868342644320298,0.05195557424358894
precision_weighted,0.79457532435147,0.05072622611817467
recall_weighted,0.7868342644320298,0.05195557424358894
f1_weighted,0.7870130524118547,0.05172393395505562
