Metric,Mean,2*Std
accuracy,0.7509373505499761,0.051322629660910134
precision_weighted,0.7523733796319546,0.05102675153926282
recall_weighted,0.7509373505499761,0.051322629660910134
f1_weighted,0.7459653918895881,0.04785386007887284
