accuracy,precision_weighted,recall_weighted,f1_weighted
0.7625698324022346,0.7648406628184816,0.7625698324022346,0.7632832781027195
0.7374301675977654,0.7544769296488824,0.7374301675977654,0.7426809799840589
0.7150837988826816,0.7369541202254563,0.7150837988826816,0.7212391169689547
0.7310924369747899,0.7406972955360053,0.7310924369747899,0.7309647257861841
0.7338935574229691,0.7506246760398392,0.7338935574229691,0.7373223556939984
