accuracy,precision_weighted,recall_weighted,f1_weighted
0.7388888888888889,0.7341650469420457,0.7388888888888889,0.7302769674641979
0.7653631284916201,0.7678022887520093,0.7653631284916201,0.7662336662292196
0.7541899441340782,0.7623356964727149,0.7541899441340782,0.7556041808711134
0.7262569832402235,0.7366277796034616,0.7262569832402235,0.7283370981823907
0.7486033519553073,0.7622680080550307,0.7486033519553073,0.7507437032427111
