Metric,Mean,2*Std
accuracy,0.7466604593420236,0.029781822486284637
precision_weighted,0.7526397639650524,0.03184831489483289
recall_weighted,0.7466604593420236,0.029781822486284637
f1_weighted,0.7462391231979266,0.032909728241918006
