Metric,Mean,2*Std
accuracy,0.7834885164494102,0.030754772364705224
precision_weighted,0.7887094984711761,0.0285299176365808
recall_weighted,0.7834885164494102,0.030754772364705224
f1_weighted,0.784339694758016,0.031116903582866662
