accuracy,precision_weighted,recall_weighted,f1_weighted
0.7609756097560976,0.7700583875108701,0.7609756097560976,0.7603270757972129
0.7658536585365854,0.7612800177287767,0.7658536585365854,0.7606823215417615
0.8097560975609757,0.8195984432832962,0.8097560975609757,0.8082186450700921
0.8,0.7965386520606703,0.8,0.7966176607066744
0.7549019607843137,0.7592906228335978,0.7549019607843137,0.7531441089608407
