accuracy,precision_weighted,recall_weighted,f1_weighted
0.7777777777777778,0.7814086275682428,0.7777777777777778,0.7781837883117497
0.8100558659217877,0.8123989604436532,0.8100558659217877,0.8107985093478731
0.776536312849162,0.7758453898677363,0.776536312849162,0.7758035833707363
0.7821229050279329,0.7906732871209431,0.7821229050279329,0.7850972181660881
0.770949720670391,0.7832212273553055,0.770949720670391,0.7718153745936327
