Metric,Mean,2*Std
accuracy,0.7890751086281813,0.04992479860028704
precision_weighted,0.7941999052384562,0.05094281196018679
recall_weighted,0.7890751086281813,0.04992479860028704
f1_weighted,0.7892670992379929,0.049343753812364506
