Metric,Mean,2*Std
accuracy,0.7782974653275945,0.049627514484694164
precision_weighted,0.7813532246834421,0.05206303232586624
recall_weighted,0.7782974653275945,0.049627514484694164
f1_weighted,0.7757979624153163,0.04965469271730725
