accuracy,precision_weighted,recall_weighted,f1_weighted
0.7666666666666667,0.7703649289518855,0.7666666666666667,0.7673239271017049
0.8100558659217877,0.8125622608304173,0.8100558659217877,0.8107985093478731
0.770949720670391,0.7705495869741681,0.770949720670391,0.770488652929286
0.7877094972067039,0.7980929909881072,0.7877094972067039,0.7909481110880108
0.7653631284916201,0.7761958929262663,0.7653631284916201,0.7664027202818656
