Metric,Mean,2*Std
accuracy,0.7801489757914338,0.03790255658700391
precision_weighted,0.7855531321341689,0.037816489814307436
recall_weighted,0.7801489757914338,0.03790255658700391
f1_weighted,0.7811923841497481,0.0386954128754205
