accuracy,precision_weighted,recall_weighted,f1_weighted
0.7777777777777778,0.7825202442585956,0.7777777777777778,0.7773792446228726
0.7988826815642458,0.801753812763056,0.7988826815642458,0.7967841907463226
0.7932960893854749,0.8003084552882279,0.7932960893854749,0.7953776647544901
0.8212290502793296,0.8275771988426834,0.8212290502793296,0.8215493157713519
0.7541899441340782,0.7588398150397179,0.7541899441340782,0.7552450802949273
